r,light_pl_475,light_pl_814,light_pl_160,light_comp_475,light_comp_814,light_comp_160
0.0,0.9710204724701853,1.9532113872227164,29.628902394881642,1.0092286534498582,1.9336567953812311,28.409430271696067
0.01,0.9616049690929602,1.941402745502743,29.543005090374805,0.9985057173247556,1.9208074345011772,28.336946507387992
0.02,0.9387273352343226,1.9000217430266448,29.344155296531675,0.9725978456368974,1.880166717696407,28.189443323701596
0.03,0.9060835608604647,1.8368093972425004,29.03509510055612,0.9358291668439439,1.8189445751954083,27.968584682796614
0.04,0.8675259637535373,1.7598309616751926,28.62950888852131,0.8927071374634136,1.7446467827076058,27.68072250279464
0.05,0.8268610828128999,1.6770561915187914,28.141678155384156,0.8476838187998684,1.6646910549476166,27.332464518276467
0.06,0.7865187387887886,1.5938846323190137,27.58588439610155,0.8035453600516727,1.5841250629177135,26.93041846382288
0.07,0.7473437629162457,1.5129190539433086,26.976409105630328,0.7611599773796683,1.5054175126647824,26.481192074014636
0.08,0.7100932939615369,1.436621313321134,26.32753377892743,0.7212897737613636,1.4309071714881434,25.9913930834325
0.09,0.6755096598775322,1.3673914523607706,25.653539910949732,0.6846803701856439,1.3628756848456156,25.467629226657266
0.1,0.6438346504934261,1.3057705365967238,24.968629160322397,0.6515203713966208,1.3018868608188479,24.916492304288944
0.11,0.6147002940488728,1.2501594272934253,24.28267721037846,0.6213198182193986,1.2465267938726656,24.343710725466686
0.12,0.5877016961358148,1.1988405749660027,23.599108594618723,0.5935476626716514,1.1952721578177359,23.753725358994494
0.13,0.5624377408830067,1.1501209439206863,22.920821581662466,0.5676779079025707,1.1466211545963105,23.15087204011179
0.14,0.5386517360026367,1.103135953097401,22.250714440128906,0.5433776218773212,1.0997995390736943,22.53948660405806
0.15,0.516273185679175,1.0580302548799185,21.59168543863728,0.5205627791925281,1.0549193798760699,21.923904886072755
0.16,0.49524389661067825,1.0150096133578486,20.946632845806814,0.49916580039128106,1.0121464142294523,21.308462721395337
0.17,0.47550514378355996,0.9742757962499945,20.31845493025675,0.4791185416374431,0.971642893965979,20.69749594526527
0.18,0.4569750504758243,0.9358778216199793,19.710040011649074,0.4603282849794409,0.933437851870138,20.095330633331113
0.19,0.43954014519681206,0.8996677767652854,19.123028174952818,0.44266877656076487,0.8973885695752395,19.505068385185048
0.2,0.4230846847928294,0.8654847372254663,18.556610986363502,0.426011351294225,0.8633409806431579,18.927408886237032
0.21,0.4074935324125109,0.8331682283761147,18.00969527709164,0.41022806399992284,0.8311414240471235,18.362772506497812
0.22,0.3926818724762415,0.8025773622863955,17.481187878347743,0.39522697217122704,0.800653891121249,17.811579615978147
0.23,0.37860870069446245,0.7735979806750051,16.96999562134232,0.3809681536644488,0.7717664630960788,17.274250584688772
0.24,0.3652364321723973,0.7461178471217459,16.475025337285874,0.367415746434505,0.7443689532650883,16.751205782640415
0.25,0.35252748966587155,0.720024977571643,15.99518385738892,0.35453388171544353,0.7183514148322989,16.24286557984385
0.26,0.34044473950548215,0.6952200087929821,15.529378543019758,0.3422863010712156,0.693615898964913,15.749650016656512
0.27,0.3289517268169539,0.671621813416763,15.076776023381932,0.3306361497600908,0.6700817927205737,15.271817920120812
0.28,0.31801205410663524,0.649150687351261,14.63721921604096,0.31954652263279315,0.6476698361929354,14.80920759967551
0.29,0.30758937775995554,0.6277270548316229,14.210659921839008,0.30898056991522,0.6263009018253904,14.361589660896412
0.3,0.29765101492829665,0.6072787803690181,13.79704994161833,0.2989052042498572,0.6059035355795743,13.928734709359361
0.31,0.2881702177878709,0.5877451142056868,13.396341076221077,0.2892934381053408,0.5864180260748966,13.510413350640162
0.32,0.2791207808065729,0.569066269054511,13.00848512648945,0.28011884130011827,0.5677856545735143,13.106396190314634
0.33,0.2704765302509744,0.5511826113519335,12.633433893265636,0.2713550166452674,0.5499478489567186,12.716453833958592
0.34,0.26221385595344204,0.5340449521444376,12.271139172984288,0.2629782267724078,0.5328559990119398,12.340356885322851
0.35000000000000003,0.2543135526601765,0.5176210358254452,11.921491849991217,0.25496930461922546,0.5164776452887896,11.977850726704629
0.36,0.24675684936331213,0.50188015401243,11.584168897893555,0.24730953367406358,0.5007818040550437,11.628592167839031
0.37,0.2395249884257424,0.4867916305261557,11.25880035890031,0.2399802102731967,0.4857375236331635,11.292218585896922
0.38,0.2326005099445214,0.4723273853725633,10.94501627522048,0.232963877742557,0.4713164365503004,10.968367358049154
0.39,0.22596831831499045,0.4584637995205315,10.642446689063078,0.22624535125666181,0.4574946157107595,10.65667586146659
0.4,0.21961356898784648,0.44517769371031607,10.35072164263711,0.2198096872285199,0.4442485717608315,10.356781473320087
0.41000000000000003,0.21352142742338093,0.432445887462275,10.069471178151584,0.21364195212594983,0.4315548151854088,10.068321570780505
0.42,0.20767824891594375,0.4202450818968758,9.798325337815502,0.20772840762547773,0.4193898408046916,9.790933531018688
0.43,0.2020726882118794,0.40855176242578856,9.536923659545675,0.20205762524257673,0.4077301148998994,9.524252621950113
0.44,0.1966936626681845,0.39734239155543205,9.284950894278522,0.19661844028962125,0.3965521007218116,9.267904068446908
0.45,0.19153009310962973,0.3865934392639106,9.042105235138393,0.19139969127896334,0.3858322692283326,9.021510109505025
0.46,0.18657141565234248,0.3762822636835875,8.808084877462564,0.18639069222121457,0.37554800751827483,8.784692983628892
0.47000000000000003,0.18180812329194743,0.36638793937784764,8.58258801658832,0.18158173238953554,0.3656784732079632,8.55707492932294
0.48,0.17723083866794945,0.3568897369363765,8.365312847852943,0.17696322068928844,0.356203026117013,8.338278185091587
0.49,0.1728301874319806,0.34776693618374466,8.155957566593706,0.17252556909744007,0.3471010353501377,8.12792498943926
0.5,0.16859736879547696,0.33900018919591074,7.954220368147894,0.16825977447634347,0.338353249724785,7.92563758087038
0.51,0.16452483111538008,0.33057296258149776,7.759803091190095,0.16415810749963694,0.3299432478945336,7.7310449760010655
0.52,0.16060518713183847,0.32246906819845605,7.572431250616194,0.1602130064700952,0.3218549556395151,7.543820238994764
0.53,0.1568310513159493,0.31467232492978864,7.391839822511423,0.15641691144604838,0.31407230547899273,7.363654035733538
0.54,0.15319547361632696,0.3071678893469931,7.2177638078148485,0.1527627041536443,0.3065805131764825,7.190237078337845
0.55,0.14969251161019978,0.2999438313491056,7.049938207465535,0.14924428827105748,0.29936758924991114,7.023260078928144
0.56,0.14631636497670397,0.29298860421893824,6.888098022402547,0.14585571159834562,0.2924219119971708,6.862413749624894
0.5700000000000001,0.14306123417525468,0.28629066191749125,6.731978253564954,0.14259102272599786,0.28573186059580113,6.707388802548553
0.58,0.13992158919767414,0.2798386290268213,6.581313901891825,0.13944454328409045,0.2792860355281194,6.557875949819584
0.59,0.13689256300569133,0.2736215249201028,6.435842766869435,0.13641126649922916,0.2730735493419725,6.413572390473078
0.6,0.13396938866240735,0.26762842464635184,6.295327909529337,0.13348628700191995,0.26708358679979854,6.2742338787426695
0.61,0.1311472995239649,0.26184840513720936,6.1595457912334854,0.13066469970002287,0.2613053344894973,6.1396472302637335
0.62,0.12842167501557453,0.25627119364077217,6.028272996381929,0.1279417377507919,0.2557286095697023,6.009599545868808
0.63,0.12578827671970516,0.2508881169910463,5.901286109374724,0.1253129960103016,0.25034478021632484,5.883877926390413
0.64,0.12324292794636403,0.24569074354241963,5.778361714611918,0.12277412775763742,0.24514544879231406,5.762269472661087
0.65,0.12078145232036101,0.24067064232316834,5.659276396493573,0.12032078660882137,0.24012221834142372,5.644561285513356
0.66,0.11839991546502526,0.2358197182671194,5.543806739419725,0.11794888519307511,0.2352670312605037,5.530540465779739
0.67,0.11609505683508185,0.23113075513033485,5.431735898374088,0.1156550573474464,0.23057271778837657,5.419998482019492
0.68,0.11386373223685407,0.22659667861968755,5.322932042439698,0.11343606144114912,0.2260322515715786,5.312783315024633
0.6900000000000001,0.1117027975456211,0.2222104147095345,5.217322586099757,0.11128865591192837,0.2216386065210589,5.208782328346879
0.7000000000000001,0.10960919836527677,0.2179650949978257,5.114836149056404,0.10920968837371456,0.21738495981033745,5.107883686694624
0.71,0.10758014635541069,0.2138544236299482,5.015401351011765,0.1071962708581163,0.21326505458623632,5.009975554776258
0.72,0.10561290225732149,0.20987220361401707,4.91894681166798,0.10524556417627134,0.2092727317231391,4.914946097300167
0.73,0.10370472684344083,0.2060122381649158,4.825401150727179,0.10335472916728707,0.2054018323365465,4.822683478974745
0.74,0.10185295970398207,0.20226859955427665,4.734692987891496,0.10152099747878505,0.20164651129489425,4.733075864508386
0.75,0.1000551894320415,0.19863615783803423,4.646750393965187,0.09974182445821606,0.19800185378027227,4.64601232751875
0.76,0.09830905367376036,0.19510993024663598,4.561490728978037,0.09801470952142695,0.19446311659817495,4.561399677385824
0.77,0.09661219012191706,0.19168493435909872,4.478821608524356,0.09633715213827243,0.19102555686265293,4.479160859110046
0.78,0.094962525624248,0.18835707022312193,4.3986502931101805,0.09470698663132968,0.187685212854328,4.399219405675563
0.79,0.09335896081168402,0.1851250258010011,4.320884043241557,0.09312317500210748,0.18444059073254618,4.321498850066534
0.8,0.09180060108812127,0.18198803826835663,4.245430119424528,0.09158491638719732,0.18129068282358363,4.245922725267113
0.81,0.09028655184912182,0.17894534466836728,4.172195782165132,0.09009140991292684,0.17823448133529274,4.172414564261454
0.8200000000000001,0.0888157194429408,0.17599536087794604,4.1010882919694165,0.08864160955998007,0.17527024422719265,4.100897900033717
0.8300000000000001,0.08738629536374971,0.17313373734361975,4.032015280029078,0.08723358889841464,0.17239375674074398,4.031296534780055
0.84,0.08599631068666545,0.1703555429806414,3.9648962161236647,0.08586522392700231,0.1696002841394361,3.9635428685204834
0.85,0.08464379648718329,0.16765584672196582,3.899664607157203,0.0845343906449636,0.16688509170293775,3.897579495795273
0.86,0.08332691654791861,0.1650301402881126,3.836254774430108,0.08323912240303495,0.16424383112753763,3.833349602603472
0.87,0.08204434305941966,0.16247543378947885,3.774601039242799,0.08197805537385686,0.16167354187760052,3.7707963749441284
0.88,0.08079486994389451,0.15998907807546797,3.7146377228956906,0.08074997006792638,0.1591715748439052,3.709862998816289
0.89,0.07957729112355177,0.15756842399555324,3.6562991466892,0.07955364699574079,0.15673528091732195,3.6504926602190055
0.9,0.07839041630945692,0.15521084704948193,3.599519631923742,0.07838787939988717,0.15436204318989472,3.5926285451513236
0.91,0.07723311974602902,0.15291381717349212,3.544233613653589,0.07725151256246772,0.15204936811804923,3.5362139271787476
0.92,0.07610429216298902,0.1506748269154101,3.4903823521641466,0.0761434050592856,0.14979479169620666,3.4811973338539746
0.93,0.07500282429006429,0.14849136882306238,3.437917686849094,0.07506241546614922,0.14759584991878827,3.4275354364098702
0.9400000000000001,0.07392763933142332,0.14636102549478727,3.386792367132928,0.07400743734832511,0.1454501656522901,3.375185606610923
0.9500000000000001,0.07287780210737332,0.14428174758985668,3.336959142440138,0.07297751685482726,0.14335571683300574,3.324105216221615
0.96,0.07185241603139335,0.14225157979017372,3.2883707621952247,0.07197174171672974,0.14131057210122214,3.27425163700644
0.97,0.0708505845178072,0.14026856677767607,3.2409799758226803,0.07098919966601705,0.1393128000972598,3.2255822407298815
0.98,0.06987143071822363,0.138330802984007,3.194739532747002,0.07002899874548024,0.13736051896249482,3.1780543991564305
0.99,0.06891416962945686,0.13643659979176848,3.1496022119623133,0.06909034151193341,0.13545206270493787,3.1316255093997087
1.0,0.0679780429434905,0.13458432770694892,3.1055251076436106,0.06817245799306264,0.1335858241604862,3.0862566678454826
1.01,0.06706229235525142,0.1327723572368307,3.062474123781204,0.06727457821958269,0.1317601961663246,3.041916523263839
1.02,0.06616617613756316,0.1309991011990055,3.0204162391305354,0.06639594952318673,0.12997361306413346,2.9985746457880347
1.03,0.06528903490158151,0.12926316929726533,2.9793184324470405,0.0655359051652689,0.12822470233203204,2.9562006055513184
1.04,0.06443023477334822,0.1275632284611491,2.9391476824861646,0.06469380503499746,0.12651214758400314,2.9147639726869463
1.05,0.06358914188662733,0.12589794562650508,2.8998709680033468,0.06386900902960001,0.12483463244021915,2.8742343173281744
1.06,0.06276513486141835,0.12426601871846185,2.8614552677540255,0.0630608899807349,0.12319087098874094,2.834581209608253
1.07,0.061957658533019586,0.12266629957827412,2.8238675640291064,0.062268889312169055,0.12157972864413322,2.795774222775131
1.08,0.06116617960238463,0.1210976877425083,2.787077126435393,0.06149247109819588,0.12000011771380367,2.7577849451714225
1.09,0.06039016478418073,0.11955908276216635,2.751059445298512,0.06073109942731472,0.1184509505193525,2.7205904455096617
1.1,0.05962909051924773,0.1180494080168806,2.7157910584897205,0.059984248453997045,0.11693116274013314,2.6841687153760554
1.11,0.058882488344312395,0.11656771325102494,2.68124850388028,0.05925144935346409,0.11543981392314741,2.6484977463568113
1.12,0.0581499091740032,0.1151130899372125,2.6474083193414524,0.05853225335583692,0.11397600451904494,2.6135555300381346
1.1300000000000001,0.05743090394435728,0.11368462957422741,2.614247042744496,0.05782621171339314,0.1125388350041294,2.579320058006231
1.1400000000000001,0.05672503107515639,0.1122814416815776,2.581741211960672,0.057132883395353266,0.11112742349491624,2.545769321847308
1.1500000000000001,0.05603189429566056,0.11090273786082988,2.5498673648888537,0.05645187409228823,0.10974098803449372,2.512881313171463
1.16,0.05535111429861347,0.10954776561706879,2.518603274711262,0.055782806986845714,0.10837878181135686,2.480635092311137
1.17,0.05468231180646412,0.10821577249504448,2.487931244607144,0.05512530529230419,0.10704005805282867,2.4490136387878896
1.18,0.05402511331535178,0.10690601972890759,2.4578346158930087,0.054478998154990174,0.1057240833599301,2.4180008302819864
1.19,0.053379182707212265,0.10561785143371995,2.4282967298853673,0.053843553138898805,0.10443020530320886,2.38758054447369
1.2,0.05274419875479358,0.10435064275445262,2.3993009279007254,0.05321865310983379,0.10315780176751552,2.3577366590432622
1.21,0.05211984026922893,0.10310376889041396,2.3708305512555956,0.052603980973043266,0.10190625069078513,2.3284530516709703
1.22,0.05150579050710709,0.10187661541246691,2.3428689412664867,0.05199922418250113,0.10067494012472065,2.2997136000370766
1.23,0.05090176353502756,0.1006686350493585,2.3153994392499064,0.05140410171792364,0.09946332360969096,2.271502181821844
1.24,0.05030748646733885,0.09947930727891012,2.288406013975455,0.05081834590988172,0.09827088077028716,2.2438032202190943
1.25,0.04972268646527332,0.09830811164789591,2.261875755539576,0.05024168913691927,0.09709709129833972,2.216603852133252
1.26,0.049147094111518914,0.09715453555768318,2.235796722763245,0.04967386726196642,0.09594144253086025,2.18989205668687
1.27,0.04858046539261124,0.09601812084727439,2.2101569747666328,0.04911464201905353,0.09480347479113291,2.1636558132626194
1.28,0.048022567727169514,0.0948984324094973,2.1849445706699133,0.04856378678456451,0.09368275084162828,2.1378831012431787
1.29,0.04747316858873118,0.0937950352200179,2.160147569593251,0.048021074990811645,0.09257883352544659,2.112561900011216
1.3,0.046932038081954175,0.09270750019562785,2.1357540306568206,0.0474862827354416,0.0914912914586087,2.087680188949407
1.31,0.046398967261622605,0.09163544236517854,2.11175201298079,0.04695920733865252,0.09041973612029355,2.0632259474404244
1.32,0.04587375719525401,0.09057849660855989,2.0881298844956855,0.04643965626357674,0.0893637982786957,2.0391874282608233
1.33,0.045356209012589244,0.08953629790102333,2.064878113528682,0.045927437036379026,0.08832310879467123,2.015554743696028
1.34,0.04484612586536767,0.08850848570667674,2.041988043061971,0.04542235921963818,0.0872973028846196,1.9923187803750888
1.35,0.04434332819095197,0.08749473523185426,2.019451018959196,0.044924249784791176,0.08628605044566867,1.9694704274780426
1.36,0.04384764519590465,0.08649473876523975,1.9972583870839982,0.044432944534993274,0.08528903794997239,1.9470005741849241
1.37,0.043358906155439435,0.08550818870167388,1.9754014933000195,0.043948279342540454,0.08430595197268893,1.9249001096757705
1.3800000000000001,0.04287694189752491,0.08453478082290526,1.9538716834709002,0.04347009163371682,0.08333648237212644,1.9031599231306167
1.3900000000000001,0.042401597520220324,0.08357423986461701,1.9326603034602818,0.042998233116231126,0.08238034707352557,1.8817709037294974
1.4000000000000001,0.0419327258021378,0.08262630525116313,1.9117588436260253,0.04253256318444553,0.08143727824081126,1.8607240732239922
1.41,0.041470179596004915,0.08169071652189085,1.8911601643149694,0.0420729413068963,0.08050700814937886,1.8400117103125067
1.42,0.04101381294605776,0.08076721576739518,1.8708578819093182,0.041619228136527596,0.0795892715470574,1.8196267873459298
1.43,0.04056349168524333,0.07985556852469054,1.8508456207199582,0.04117129604473918,0.07868382590377937,1.7995622839496128
1.44,0.0401190883750325,0.07895555295029529,1.8311170050577783,0.04072902409135594,0.07779044091913462,1.7798111797489076
1.45,0.03968047565548708,0.07806694732250259,1.8116656592336693,0.04029229141432533,0.07690888641072609,1.760366454369167
1.46,0.03924752708022368,0.07718953183739263,1.7924852075585191,0.03986097805318867,0.0760389340560648,1.7412210874357448
1.47,0.038820125949248364,0.07632310566550682,1.7735692743432163,0.03943497366626985,0.07518037393447732,1.7223680585739918
1.48,0.0383981614591192,0.07546747880724902,1.7549115478094583,0.0390141737312429,0.07433300662830915,1.7038004089290577
1.49,0.037981522888490965,0.07462246138951888,1.736506589871293,0.038598473806803604,0.07349663284258376,1.6855120206521024
1.5,0.037570100215828565,0.0737878649770792,1.7183495951209466,0.03818777013706843,0.07267105467972884,1.6674973849028896
1.51,0.03716379148449409,0.07296351647474245,1.7004357722789154,0.03778196686522089,0.07185608915057536,1.6497510064408887
1.52,0.03676249990777751,0.07214925206802966,1.682760330065696,0.0373809731980685,0.07105156228551804,1.6322673900255655
1.53,0.036366128783653376,0.07134490807167562,1.6653184772017855,0.03698469842536208,0.07025730024052937,1.615041040416391
1.54,0.03597458194563454,0.0705503218749626,1.6481054224076803,0.03659305235722357,0.06947313021998666,1.5980664623728307
1.55,0.035587769907129044,0.06976534325069705,1.6311163744038746,0.03620595129448655,0.0686988915105136,1.5813381606543568
1.56,0.03520560771714688,0.06898982991002915,1.614346568132055,0.035823315945132314,0.0679344311439462,1.5648506667480921
1.57,0.03482801051112563,0.068223639694141,1.5977917842471845,0.03544506710112185,0.06717959627898885,1.548599068395054
1.58,0.03445489383387408,0.06746663124405225,1.5814483190268782,0.03507112594891883,0.06643423485961392,1.532578978918306
1.59,0.03408617876875924,0.06671867317734652,1.5653124889457408,0.0347014190123804,0.06569820462462755,1.5167860322280138
1.6,0.03372179038121592,0.06597964088562434,1.549380610478375,0.034335876652799864,0.06497136996345942,1.5012158622343437
1.61,0.03336165382409076,0.06524940988956741,1.5336490000993874,0.033974429315707426,0.06425359539226883,1.4858641028474635
1.62,0.03300569456277258,0.06452785630235684,1.5181139742833811,0.03361700774526581,0.06354474601429573,1.4707263879775359
1.6300000000000001,0.03265384266018654,0.06381486425334748,1.5027718495049618,0.033263547078560406,0.06284469487563774,1.4557983515347281
1.6400000000000001,0.032306031678465165,0.0631103236352982,1.4876189519208904,0.03291398579615156,0.06215332073308448,1.4410756379282537
1.6500000000000001,0.031962195267473084,0.062414124467482526,1.4726519426018845,0.03256826246242724,0.06147050246878291,1.4265542547382006
1.6600000000000001,0.03162226731536718,0.06172615720558902,1.457867895101427,0.03222631586748282,0.06079611940290053,1.4122306568288796
1.67,0.031286185531578574,0.06104631872502797,1.4432639083802759,0.03188808842087681,0.06013005729894142,1.3981013266155058
1.68,0.030953890703693327,0.06037451078729163,1.4288370813991933,0.03155352544775744,0.05947220682446502,1.3841627465132944
1.69,0.030625323706783458,0.05971063527637586,1.414584513118938,0.031222572356138664,0.0588224587699851,1.3704113989374618
1.7,0.03030042559733025,0.059054594395608666,1.400503302500269,0.030895174724345997,0.058180704252129185,1.356843766303223
1.71,0.02997914061238084,0.05840629546915199,1.386590548503947,0.030571281116701376,0.057546839617112315,1.3434563310257943
1.72,0.029661415700103704,0.05776564994615858,1.3728433531185913,0.030250842642796736,0.05692076542374428,1.3302455790144632
1.73,0.02934719789543653,0.05713256939301971,1.3592590205063986,0.02993381049368505,0.05630238235056338,1.3172082294816818
1.74,0.02903643437119935,0.056506965608042775,1.3458351805928608,0.029620135988717374,0.05569159131839857,1.3043413775624473
1.75,0.028729074951753343,0.05588875445561138,1.3325694928265186,0.02930977291447485,0.05508829749604924,1.291642152460607
1.76,0.028425071852844316,0.055277855266041856,1.3194596166559112,0.02900267728269581,0.05449240967329422,1.2791076833800048
1.77,0.0281243773758953,0.05467418748057733,1.3065032115295798,0.02869880518484035,0.053903836755801474,1.266735099524486
1.78,0.027826943926929668,0.05407767070749799,1.2936979368960642,0.028398112808836595,0.053322487828910956,1.2545215300978976
1.79,0.02753272612615874,0.05348822776728408,1.281041452203904,0.028100558384655274,0.05274827543313948,1.2424641043040825
1.8,0.027241680706484646,0.05290578437745012,1.2685314176016862,0.027806102090703583,0.05218111522517504,1.230559952203176
1.81,0.026953764485096326,0.05233026635930405,1.2561656133769759,0.027514704183122587,0.05162092297335022,1.2188063508082088
1.82,0.02666893435841534,0.05176159965340032,1.2439420751546817,0.027226324990493177,0.05106761457904482,1.2072008894584916
1.83,0.026387149076365895,0.051199712724514373,1.231858871221026,0.026940926535994534,0.050521108759992835,1.1957411974443553
1.84,0.02610836925984962,0.050644536445933745,1.2199140698622315,0.026658472553380858,0.04998132692118234,1.1844249040561312
1.85,0.025832555612495815,0.05009600178703463,1.20810573936452,0.026378926852041518,0.04944819057481078,1.173249638584152
1.86,0.025559668897698912,0.04955403980152963,1.1964319480141146,0.026102253295536174,0.04892162133150311,1.162213030318748
1.87,0.025289671430719154,0.049018583516026046,1.1848907640972384,0.025828417154012046,0.04840154310441822,1.15131270855025
1.8800000000000001,0.025022527184061786,0.04848956794862645,1.173480255979052,0.02555738519971814,0.04788788213095731,1.1405463026706053
1.8900000000000001,0.02475820021110161,0.04796692820548981,1.1621985620961524,0.02528912427820237,0.04738056475129074,1.1299115322711626
1.9000000000000001,0.024496654610576624,0.047450599451944055,1.1510440196318559,0.025023601275834015,0.0468795173784737,1.1194063727798542
1.9100000000000001,0.024237855795102386,0.04694051838970039,1.1400150007648795,0.024760784261311893,0.046384668318088136,1.1090288446724137
1.92,0.023981770661751303,0.046436623361181185,1.1291098776739406,0.024500642639164946,0.045895947896754746,1.0987769684245772
1.93,0.023728366187234517,0.04593885278887159,1.1183270225377562,0.024243145885587257,0.04541328653971608,1.0886487645120781
1.94,0.02347760938132984,0.045447145136285595,1.1076648075350415,0.023988263506184337,0.044936614726081264,1.0786422534106526
1.95,0.023229468327962705,0.04496144005527486,1.0971216048445165,0.023735965961970733,0.04446586449512371,1.0687554555960341
1.96,0.022983912395161128,0.044481678540309585,1.0866957866450149,0.023486224856116136,0.04400096964883575,1.058986391544117
1.97,0.022740911026430687,0.04400780165788924,1.076385765728711,0.023239011858924366,0.04354186408377674,1.049333136071721
1.98,0.022500433693344188,0.04353975050334237,1.0661901104309925,0.022994298665912946,0.04308848173701428,1.039793972113545
1.99,0.022262450896352228,0.04307746710848937,1.0561074263183878,0.022752057896874716,0.04264075786149832,1.0303672324198152
2.0,0.022026934437527394,0.042620894624691,1.0461363189574282,0.022512263340892957,0.0421986292832658,1.0210512497407578
2.0100000000000002,0.021793856202505266,0.042169976269112806,1.0362753939146423,0.022274888862118432,0.04176203292081748,1.0118443568265978
2.02,0.021563188087410666,0.041724655277459055,1.026523256756562,0.022039908332832484,0.04133090572137166,1.0027448864275614
2.0300000000000002,0.0213349024252941,0.041284875565016366,1.0168785130497175,0.021807295963993733,0.04090518568486765,0.993751171293874
2.04,0.021108972134260082,0.04085058190680361,1.0073397683606375,0.021577026420057748,0.040484812143030485,0.9848615441757615
2.05,0.020885370173321587,0.04042171913303379,0.9979056504741459,0.021349074397189857,0.04006972451308466,0.9760743686914606
2.06,0.020664069542202613,0.03999823209123686,0.988574902668928,0.021123414630851652,0.039659862238653074,0.9673881689155306
2.07,0.02044504518283275,0.03958006635028722,0.9793463056332175,0.02090002373122065,0.039255165862985865,0.9588015208958479
2.08,0.020228274790430805,0.03916716844495628,0.9702186400744431,0.02067888096608949,0.03885557740176,0.9503130007069539
2.09,0.020013736269361627,0.03875948497755356,0.9611906867000317,0.020459965805129238,0.0384610389736083,0.9419211844233897
2.1,0.01980140745156312,0.038356962548603706,0.9522612262174118,0.020243257643252566,0.03807149270185661,0.9336246481196975
2.11,0.01959126217614491,0.037959547673483335,0.9434290393340106,0.02002873175401271,0.03768688093371961,0.9254219678704174
2.12,0.01938326828808616,0.0375671867468623,0.9346929067572564,0.01981635722387844,0.03730714633379881,0.9173117197500908
2.13,0.019177393138851036,0.03717982615424137,0.9260516240790645,0.01960610262991699,0.03693223159080521,0.9092925000230999
2.14,0.018973604228705032,0.036797412323628584,0.9175040928922117,0.019397936699264477,0.036562079444654505,0.9013630487371049
2.15,0.01877187863508802,0.03641989402642516,0.9090492607763162,0.01919183781781463,0.03619663545813151,0.8935221683179287
2.16,0.01857220866583294,0.03604722355199054,0.9006860754972056,0.01898779973159429,0.03583584943178023,0.8857686614439731
2.17,0.018374587985062966,0.03567935347932838,0.8924134848207058,0.018785817554474102,0.03547967151505231,0.8781013307936401
2.18,0.0181790101707636,0.03531623642034963,0.8842304365126438,0.018585886311824607,0.03512805189197136,0.8705189790453322
2.19,0.017985462251314876,0.03495782710494579,0.8761358783388464,0.01838799429977758,0.03478094297168369,0.863020408877451
2.2,0.017793920217496092,0.03460408363119172,0.8681287580651402,0.01819211847414047,0.03443830070190507,0.8556044229683988
2.21,0.017604358998976104,0.03425496439710407,0.8602080546504067,0.017998234700507643,0.03410008134546622,0.8482698570309003
2.22,0.017416753562137347,0.0339104277525274,0.8523730579092098,0.01780631888126965,0.03376624112193221,0.8410158759825878
2.23,0.017231082217053936,0.033570428384460074,0.8446232360848197,0.01761635027003198,0.03343673296109018,0.8338418337021125
2.24,0.01704732924754991,0.03323491480715726,0.836958059541598,0.01742831410759089,0.03311150424869056,0.8267470863144218
2.25,0.016865479556367732,0.032903834941451465,0.8293769986439068,0.017242196255053608,0.03279050183750241,0.8197309899444623
2.2600000000000002,0.016685518030091256,0.03257713673348576,0.8218795237561092,0.01705798255659771,0.03247367260810851,0.8127929007171814
2.27,0.01650742776380452,0.03225477043456434,0.8144651052425669,0.016875656979412033,0.03216096597423111,0.8059321747575259
2.2800000000000002,0.01633118845797064,0.03193669041433034,0.8071332134676417,0.016695199934075977,0.03185233587523156,0.7991481681904438
2.29,0.016156779434604113,0.031622851469113006,0.7998832961558999,0.016516591434661086,0.03154773671935606,0.792440216997926
2.3000000000000003,0.01598418002916681,0.03131320839182633,0.7927144736706576,0.016339811508698374,0.031247122913412764,0.7858073659039266
2.31,0.015813371427381716,0.031007715596736943,0.7856256200766752,0.01616484203564831,0.030950448704772166,0.7792484404970085
2.32,0.015644338535199597,0.030706326780632037,0.7786156034239827,0.01599166861855332,0.03065766803869456,0.7727622610143441
2.33,0.015477066704238438,0.030408995560310785,0.7716832917626135,0.01582027730652499,0.03036873482675946,0.766347647693105
2.34,0.015311541283682003,0.03011567556542645,0.7648275531425972,0.01565065414598726,0.030083602994888745,0.7600034207704653
2.35,0.015147747197290796,0.029826322194276663,0.7580472556139656,0.015482784713658842,0.029802228442409675,0.7537284004835962
2.36,0.014985668460707193,0.02954089440128368,0.7513412672267513,0.015316653583615066,0.029524571036477033,0.7475214070696702
2.37,0.0148252889728205,0.029259351566878256,0.7447084965133371,0.01515224520102538,0.02925059111957426,0.7413813000711674
2.38,0.014666592636450416,0.02898165305970444,0.7381487521674616,0.014989544014946262,0.028980249023098606,0.7353078130192763
2.39,0.014509564252110247,0.02870775618844389,0.7316627261875017,0.014828535362201151,0.028713503140910368,0.7293015370672941
2.4,0.014354190655803192,0.028437613864536363,0.7252511476824715,0.014669206592595258,0.028450307730959818,0.7233630994001465
2.41,0.014200458964074496,0.02817117843408584,0.7189147457613819,0.01451154533337367,0.028190616519459956,0.7174931272027535
2.42,0.014048356290563656,0.027908402259371815,0.7126542495332466,0.014355539208712494,0.02793438324952284,0.7116922476600404
2.43,0.013897868850203405,0.02764924139710745,0.7064703881070766,0.014201174893610032,0.027681565523958503,0.7059610879569276
2.44,0.013748980692100685,0.027393660281009147,0.700363890591885,0.014048436775606743,0.027432129697311763,0.7003002752783399
2.45,0.013601675545672102,0.02714162449935663,0.6943354123445782,0.013897308904599026,0.027186043330338146,0.6947103672899346
2.46,0.013455937147868384,0.026893099626835542,0.6883828374242242,0.013747775338170395,0.026943273970402155,0.6891893094121294
2.47,0.013311752537755761,0.02664804703376989,0.6825005043461311,0.013599823503079244,0.026703785023288244,0.6837317050103358
2.48,0.013169117217202288,0.02640641795824054,0.6766825200718176,0.013453449460748203,0.02646752991383761,0.6783319391857009
2.49,0.013028028024745186,0.026168162142741522,0.6709229915628002,0.01330865063641419,0.0262344605936374,0.6729843970393699
2.5,0.012888481782375439,0.02593322934439151,0.6652160257805976,0.01316542443828714,0.02600452902905483,0.6676834636724903
2.5100000000000002,0.012750464398812422,0.025701575730081562,0.6595557296867263,0.013023757044258509,0.025777693664340594,0.6624235241862062
2.52,0.012613932021792222,0.02547317389393967,0.6539362102427049,0.012883604006635175,0.02555392954554037,0.6571989636816659
2.5300000000000002,0.012478835772871377,0.025247999024716947,0.6483516881268179,0.012744915705526421,0.02533321434089374,0.6520042747618011
2.54,0.012345126813286516,0.02502602628534429,0.6428048806159679,0.012607642561792079,0.02511552569308388,0.6468419822622505
2.5500000000000003,0.012212799085460335,0.024807213808713004,0.6373127394751775,0.012471778931583546,0.02490082438874356,0.6417280675470987
2.56,0.01208197074463475,0.02459147328602916,0.6318935744399702,0.012337446734753324,0.024689025247296686,0.6366797957335609
2.57,0.011952782362354576,0.024378708565201242,0.6265656952458676,0.012204790912180064,0.024480035325001464,0.6317144319388497
2.58,0.01182537443397566,0.024168823554621823,0.6213474116283921,0.012073956326467917,0.024273761738308402,0.6268492412801797
2.59,0.011699735956999021,0.023961787373720123,0.6162570333230656,0.011944932195339385,0.024070176500117984,0.6221014888747645
2.6,0.01157538735067383,0.023757758478581244,0.6113128700654109,0.011817226331637577,0.023869440046601527,0.6174884398398179
2.61,0.01145175871931674,0.023556929494290373,0.606533110477714,0.011690253761037087,0.023671746818094655,0.6130272450503736
2.62,0.011328280285775896,0.023359492937390373,0.6019111903999245,0.011563429630986841,0.02347729114705124,0.6087117068862129
2.63,0.01120490889684135,0.023165425493559887,0.5973857655905958,0.011436710120305149,0.023286052848553472,0.6044839554563782
2.64,0.011083337440210377,0.022974036290186604,0.5928881484356291,0.011311834943488659,0.023097348241985227,0.6002791941051085
2.65,0.010965616024048205,0.022784505787820326,0.5883496513209243,0.011190910808373264,0.022910365762926495,0.5960326261766407
2.66,0.010853794626735773,0.022596014618464205,0.5837015866323824,0.011076044289451952,0.022724294017370084,0.5916794550152124
2.67,0.01074809196996444,0.022408505164924705,0.5788752667559034,0.010967460492705293,0.022539078738475205,0.5871548839650611
2.68,0.010642289775922934,0.02222443095781307,0.5738020040773884,0.01085877102642791,0.022357161565166966,0.582394116370424
2.69,0.010528756177530903,0.022046762239869972,0.5684131684758286,0.010742135149981399,0.022181497712186513,0.5773324098419993
2.7,0.010399859368245086,0.0218784690644655,0.5627134802858738,0.010609712184924087,0.022015042206066558,0.5719742558671613
2.71,0.010254387122660817,0.021719849465995193,0.5569246885476491,0.010460257031419085,0.0218580944523063,0.5665289945398166
2.72,0.010115196442917999,0.02156180913920682,0.5513084904447967,0.010317253692478965,0.02170161915670404,0.5612436721251138
2.73,0.010010784274817974,0.021393191185782586,0.5461265831609606,0.01020998073791786,0.021534531089941314,0.5563653348882039
2.74,0.009969647564162125,0.02120283879562494,0.5416406638797829,0.010167716737549914,0.021345745110378116,0.5521410290942352
2.75,0.009969647564162125,0.02098895036596058,0.538112429784908,0.010167716737549914,0.021133473831188403,0.5488178010083583
2.7600000000000002,0.009969647564162125,0.020784800198339774,0.535803578059978,0.010167716737549914,0.020930790360559677,0.5466426968957222
2.77,0.009969647564162125,0.020631881641803736,0.5349758058886358,0.010167716737549914,0.020778936379082586,0.545862763021477
2.7800000000000002,0.009969647564162125,0.02057168804539368,0.5349758058886358,0.010167716737549914,0.020719153567347867,0.545862763021477
2.79,0.009969647564162125,0.02057168804539368,0.5349758058886358,0.010167716737549914,0.020719153567347867,0.545862763021477
2.8000000000000003,0.009969647564162125,0.02057168804539368,0.5349758058886358,0.010167716737549914,0.020719153567347867,0.545862763021477
